application_number,trial_found,phase_num,enrollment,phase,primary_endpoint,nct_id,trial_title
BLA761106,False,0,0,UNKNOWN,,,
NDA219878,True,3,218,PHASE3,Change from baseline in ambulatory 24-hour average SBP,NCT06168409,A Study to Investigate the Effect of Baxdrostat on Ambulatory Blood Pressure in Participants With Resistant Hypertension
NDA215192,True,3,24,PHASE3,Mean Hb Level of Week 20 and Week 24,NCT03461146,Efficacy and Safety Study to Evaluate MT-6548 in Hemodialysis Subjects Not Receiving ESAs With Anemia Associated With Chronic Kidney Disease in Japan
NDA219164,True,2,57,PHASE2,Annualized Height Velocity (cm/Year) After 52 Weeks of Double-blind Treatment,NCT04085523,"A Dose Escalation Trial Evaluating Safety, Efficacy, and Pharmacokinetics of TransCon CNP Administered Once Weekly in Prepubertal Children With Achondroplasia"
NDA219873,True,4,324,PHASE4,The number of children who responded to the treatment,NCT03389412,The Effect of Selecting Treatment With Desmopressin or Alarm to Children With Enuresis Based on Home Recordings.
NDA213535,True,1,33,PHASE1,Percentage of Participants with Adverse Events (AEs),NCT02633709,"A Study to Investigate the Safety, Tolerability, Pharmacokinetics and Pharmacodynamics of Risdiplam (RO7034067) Given by Mouth in Healthy Volunteers"
NDA017854,True,4,99,PHASE4,0-10 Pain Score,NCT03269435,Greater Occipital Nerve Block Versus Metoclopramide
NDA218171,True,1,32,PHASE1,Cmax,NCT05665283,A Single Dose BE Study of X-396 in Healthy Volunteers Under Fasted Conditions
BLA761152,False,0,0,UNKNOWN,,,
NDA219884,True,2,261,PHASE2,"Reduced incidence, compared to placebo, of adverse events (AEs) and serious adverse events (SAEs)",NCT00805818,Study of NNZ-2566 in Patients With Traumatic Brain Injury
BLA761100,True,3,3270,PHASE3,Percentage of Patients Alive and Free From Invasive Disease (IDFS),NCT01275677,Chemotherapy With or Without Trastuzumab After Surgery in Treating Women With Invasive Breast Cancer
NDA218160,True,1,16,PHASE1,"Pharmacokinetics (PK): Area Under the Concentration-time Curve, From Time 0 to the Last Observed Non-zero Concentration (AUC0-t) of Midazolam and Its Metabolite 1-hydroxymidazolam (1-OH-midazolam)",NCT05338476,A Study of Effects of Selpercatinib (LY3527723) on Midazolam in Healthy Participants
NDA218637,True,1,64,PHASE1,Assessment of bioequivalence of two different formulations of trazodone hydrochloride tablets 150 mg,NCT06773767,Bioavailability of Trazodone Hydrochloride (New Polymer) vs. Trazodone Hydrochloride Contramid® at Steady-state.
NDA219910,True,4,30,PHASE4,Mortality,NCT01595737,Comparison of the Administration of Levosimendan and Placebo in the Preparation of Critical Patients for Heart Surgery
NDA219868,True,3,124,PHASE3,Change in hemoglobin,NCT03657433,Intravenous Infusions of Ferumoxytol Compared to Oral Ferrous Sulfate for the Treatment of Anemia in Pregnancy
NDA217294,True,4,100,PHASE4,the percentage of responders to the diuretic treatment; the percentage of patients who develop adverse effects to diuretics,NCT00741663,Spironolactone Versus Spironolactone Plus Furosemide (SVSSF)
NDA019079,True,4,131,PHASE4,Change in Intraocular Pressure (IOP) From Baseline Through Month 3,NCT03123614,Loteprednol vs. Prednisolone and Fluorometholone
NDA022437,True,4,50,PHASE4,Prevalence of oocyte dysmorphisms among the studied groups:,NCT04727684,Effect of GnRH Agonist vs GnRH Antagonist on Oocyte Morphology in Polycystic Ovary Syndrome Patients During IVF/ICSI
NDA217307,True,4,60,PHASE4,Mean Change From Baseline in IOP at Week 12 in Subjects Using Ganfort® at Baseline,NCT01327599,Efficacy of Changing to DUOTRAV® From Prior Therapy
NDA217700,True,1,149,PHASE1,"Number of Participants Reporting One or More Treatment-emergent Adverse Events (TEAEs), Serious Adverse Events (SAEs) and Deaths",NCT01425008,Study of MLN2480 in Participants With Relapsed or Refractory Solid Tumors Followed by a Dose Expansion in Participants With Metastatic Melanoma
NDA218643,True,4,10,PHASE4,Pain score,NCT02246179,Fractional Laser Assisted Delivery of Anesthetics
NDA219876,False,0,0,UNKNOWN,,,
NDA019531,True,2,57,PHASE2,Plasma Levels of Triglycerides and Lipoprotein Cholesterol,NCT00167310,Decreasing Risk of Coronary Artery Disease in Schizophrenia by Omega-3 Fatty Acid Supplementation
BLA761107,True,4,13,PHASE4,Permanent Discontinuation of Study Drug Due to Emapalumab-related Adverse Event,NCT05744063,A Post-authorization Study to Describe the Safety and Efficacy of Emapalumab for the Treatment of pHLH in Treatment Experienced Chinese Patients
NDA019127,True,4,1318,PHASE4,Surgical site infections,NCT03962907,Preoperative Decolonization and Surgical Site Infections in Orthopaedic Surgery - 2 Year Outcome in Prosthetic Surgery
NDA216873,False,0,0,UNKNOWN,,,
NDA218158,True,1,47,PHASE1,Number of adverse events in each study group,NCT03089775,Evaluation of Safety and Efficacy of BBI-2000 in Treating and Preventing Contact Dermatitis
NDA219208,True,3,1038,PHASE3,Compare Survival Between a Control or Standard Therapy Arm of Docetaxel + Placebo + Prednisone With Docetaxel + Atrasentan + Prednisone in Patients With Hormone Refractory Prostate Cancer.,NCT00134056,"S0421, Docetaxel and Prednisone With or Without Atrasentan in Treating Patients With Stage IV Prostate Cancer and Bone Metastases That Did Not Respond to Previous Hormone Therapy"
NDA218647,True,3,1711,PHASE3,"Change From Baseline to Week 8 in Trough, Systolic Blood Pressure as Measured by Ambulatory Blood Pressure Monitoring (Pooled Analysis)",NCT00847626,Efficacy and Safety of Azilsartan Medoxomil Combined With Chlorthalidone in Participants With Moderate to Severe Hypertension
NDA203168,True,4,77,PHASE4,Visual Analog Scale Pain Score,NCT07090044,"Comparing Post-intravitreal Injection Pain Scores Using Loteprednol, Bromfenac Sodium, and Artificial Tears Over a 24-hour Period"
NDA209299,True,3,76,PHASE3,"Number of Participants With Stable Platelet Response (Count of ≥50,000/µL on at Least 4 of the Last 6 Scheduled Visits Between Weeks 14 and 24)",NCT02076399,A Efficacy and Safety Study of R935788 in the Treatment of Persistent/Chronic Immune Thrombocytopenic Purpura (ITP)
NDA219209,True,1,37,PHASE1,Maximum Observed Plasma Concentration (Cmax) of Midazolam in the Absence and Presence of VX-548,NCT05541471,"A Study to Evaluate the Pharmacokinetic Drug-drug Interactions Between VX-548, Midazolam, and Digoxin"
BLA761150,False,0,0,UNKNOWN,,,
NDA204353,True,4,3591,PHASE4,21 Day Organ Support (Respiratory or Vasopressor) Free Days,NCT04505774,Accelerating COVID-19 Therapeutic Interventions and Vaccines 4 ACUTE
NDA202106,True,2,12,PHASE2,Area Under the Curve (AUC),NCT07113574,Pharmacokinetics of Meropenem and Aztreonam After Intraperitoneal Administration Via Cycler-therapy in APD Patients Without Peritonitis
NDA210661,False,0,0,UNKNOWN,,,
NDA020998,True,2,120,PHASE2,,NCT00006299,Celebrex for Pain Relief After Oral Surgery
BLA761113,False,0,0,UNKNOWN,,,
NDA214770,True,4,113,PHASE4,Time to Failure,NCT01200355,"Posaconazole Versus Micafungin for Prophylaxis Against Invasive Fungal Infections During Neutropenia in Patients Undergoing Chemotherapy for Acute Myelogenous Leukemia, Acute Lymphocytic Leukemia or Myelodysplastic Syndrome"
NDA021366,True,4,125,PHASE4,Infarct size measured by cardiac MRI,NCT01153334,Efficacy of Early Intensive ROsuvastatin Therapy in Patients With ST-segment Elevation Myocardial Infarction Undergoing PrimARY Percutaneous Coronary Intervention (the ROSEMARY Trial)
NDA217779,True,2,13,PHASE2,Rate of Improvement in Response,NCT01242930,Open Label Study With Imetelstat to Determine Effect of Imetelstat in Patients w/ Previously Treated Multiple Myeloma
NDA213498,True,3,1133,PHASE3,Annualized Confirmed Relapse Rate,NCT02425644,Oral Ponesimod Versus Teriflunomide In Relapsing MUltiple Sclerosis
NDA022427,True,4,40,PHASE4,The incidence of CME was evaluated by retinal foveal thickness on optical coherence tomography (OCT),NCT02084576,Anti-inflammatory Efficacy for Prophylaxis of Cystoid Macular Edema (CME) After Phacoemulsification
NDA216482,True,2,77,PHASE2,Number of Patients With Grade II-IV Acute Graft Versus Host Disease (GVHD),NCT01251575,"Sirolimus, Cyclosporine, and Mycophenolate Mofetil in Preventing Graft-versus-Host Disease in Treating Patients With Blood Cancer Undergoing Donor Peripheral Blood Stem Cell Transplant"
NDA211675,True,3,642,PHASE3,Percentage of Participants With an American College of Rheumatology 20% (ACR20) Response at Week 12,NCT03104374,A Study Comparing Upadacitinib (ABT-494) to Placebo in Participants With Active Psoriatic Arthritis Who Have a History of Inadequate Response to at Least One Biologic Disease Modifying Anti-Rheumatic Drug
NDA216483,True,4,1000,PHASE4,Clinical effectiveness.,NCT04959331,Clinical Effectiveness and Bacteriological Eradication of 4 Short-course Antibiotics for Uncomplicated UTIs in Women.
NDA021321,True,1,10,PHASE1,Number of participants with treatment related Adverse Events or Serious Adverse Events.,NCT05185999,"Icodextrin Study to Test Short-Term Safety, Tolerability and Preliminary Efficacy of Sodium-Free Solution in PD Patients"
NDA211994,True,3,269,PHASE3,number (%) of patients with fully suppressed HIV RNA < 50 cps/ml at week 48,NCT02486133,Dual Therapy With Boosted Darunavir + Dolutegravir
NDA021316,True,3,1902,PHASE3,Plasma LDL-C averaged across all doses after 6 weeks,NCT00092690,MK0653A (Ezetimibe (+) Simvastatin) Compared to an Approved Drug (Atorvastatin) for the Treatment of High Cholesterol (0653A-051)(COMPLETED)
NDA202834,True,4,9,PHASE4,Percentage of Patients With ≥50% Seizure Reduction During the Maintenance Period Compared With Seizure Frequency Before Initiation of Perampanel,NCT02363933,Perampanel in Seizure Patients With Primary Glial Brain Tumors
NDA022425,True,0,48,NA,Peak Plasma Concentration (Cmax),NCT07396519,Bioequivalence Study of Dronedarone Hydrochloride Tablets
BLA761151,False,0,0,UNKNOWN,,,
NDA215985,True,4,105,PHASE4,Difference of Adverse Events,NCT01849341,Roflumilast Safety Administered Once a Day on Alternate Days for Two Weeks Compared to the Usual Dosage Once Daily
NDA209637,True,4,104,PHASE4,Number of Adverse Events (AEs),NCT05533632,Safety Study of Weekly Semaglutide in Chilean Participants With Type 2 Diabetes
NDA212725,True,2,252,PHASE2,Confirmed Objective Response Rate (ORR) Assessed by Investigator According to Response Evaluation Criteria in Solid Tumors Version 1.1 (RECIST v1.1) or Response Assessment in Neuro-Oncology (RANO) Criteria for Primary Central Nervous System (CNS) Tumors,NCT04632992,A Study Evaluating Targeted Therapies in Participants Who Have Advanced Solid Tumors With Genomic Alterations or Protein Expression Patterns Predictive of Response
NDA217722,True,2,7,PHASE2,Yale Brown Obsessive Compulsive Scale Modified for Compulsive Sexual Behavior (YBOCS),NCT00467558,Double-Blind Naltrexone in Compulsive Sexual Behavior
BLA125103,True,2,64,PHASE2,To Reduce the Early Transplant-related Mortality.,NCT00629798,"Busulfan, Melphalan, and Fludarabine With Peri-transplant Palifermin, Followed by a T-Cell Depleted Hematopoietic Stem Cell Transplant From HLA Matched or Mismatched Related or Unrelated Donors in Patients With Advanced Myelodysplastic Syndromes (MDS) and Acute Myeloid Leukemia (AML)"
NDA205879,True,4,3591,PHASE4,21 Day Organ Support (Respiratory or Vasopressor) Free Days,NCT04505774,Accelerating COVID-19 Therapeutic Interventions and Vaccines 4 ACUTE
NDA210303,False,0,0,UNKNOWN,,,
NDA203993,True,3,366,PHASE3,Core Phase: European Medicine Agency (EMA): Seizure Frequency Response Rate,NCT01713946,A Placebo-controlled Study of Efficacy & Safety of 2 Trough-ranges of Everolimus as Adjunctive Therapy in Patients With Tuberous Sclerosis Complex (TSC) & Refractory Partial-onset Seizures
NDA210361,True,2,120,PHASE2,Mean change of the average hand sweating score (Daily Diary Question 1) from the week of Screen-Baseline to the final week of study treatment.,NCT04906655,An Open Label Study for Palmar Hyperhydrosis
NDA206255,True,4,1462,PHASE4,Change from baseline prevalence of Lymphatic Filariasis at 24 months,NCT03036059,Twice Yearly Treatment for the Control of LF
NDA209988,True,4,100,PHASE4,the percentage of responders to the diuretic treatment; the percentage of patients who develop adverse effects to diuretics,NCT00741663,Spironolactone Versus Spironolactone Plus Furosemide (SVSSF)
NDA206333,True,3,55,PHASE3,Percentage of Participants With at Least a 1-Grade Reduction (Improvement) at 12 Weeks From Last Treatment Based on Both the Clinician-Reported Submental Fat Rating Scale (CR-SMFRS) and Patient-Reported Submental Fat Rating Scale (PR-SMFRS) Assessments,NCT02123134,Safety Study of Deoxycholic Acid for the Reduction of Localized Subcutaneous Fat in the Submental Area in Subjects 65 to 75 Years of Age
BLA761149,True,3,119,PHASE3,Number of Participants With Adverse Events (AEs) and Serious Adverse Events (SAEs),NCT04660539,A Study to Evaluate the Safety and Efficacy of Satralizumab in Participants With Neuromyelitis Optica Spectrum Disorder (NMOSD)
BLA125164,True,4,86,PHASE4,Percentage of Participants Maintaining Average Hemoglobin (Hb) Concentration Within the Target Range,NCT01156363,A Study of Monthly Subcutaneous or Intravenous Mircera in Dialysis Patients With Chronic Renal Anaemia
NDA213953,True,4,32,PHASE4,"change in serotonin-transporter binding potential (BP) in predefined brain regions, measured by Positron Emission Tomography",NCT01065220,Sex Steroids and the Serotonin Transporter
NDA214324,True,3,894,PHASE3,Change in Exercise Capacity at Month 12,NCT01027949,An Open-Label Extension Trial of UT-15C Sustained-release (SR) in Subjects With Pulmonary Arterial Hypertension
NDA212018,True,2,35,PHASE2,Objective Response Rate (ORR),NCT02699606,"A Study to Evaluate the Clinical Efficacy of JNJ-42756493 (Erdafitinib), A Pan-Fibroblast Growth Factor Receptor (FGFR) Tyrosine Kinase Inhibitor, In Asian Participants With Advanced Non-Small-Cell Lung Cancer, Urothelial Cancer, Esophageal Cancer Or Cholangiocarcinoma"
NDA212728,True,4,441,PHASE4,Number of Participants With On-Treatment Adverse Events (AEs) (Frequency >=5%) According to Intensity,NCT05207865,Safety and Tolerability Study of Daily Dosing Rimegepant in Episodic Migraine Prevention
NDA213478,True,1,104,PHASE1,Participants With Dose Limiting Toxicities by Preferred Term in Cycle 1 (28 Days) - in Phase I,NCT02732119,Study of Ribociclib With Everolimus + Exemestane in HR+ HER2- Locally Advanced/Metastatic Breast Cancer Post Progression on CDK 4/6 Inhibitor.
NDA200740,True,3,43,PHASE3,The Steady-state White Blood Cell Cystine Levels of RP103 Compared to Cystagon®,NCT01000961,Phase 3 Study of Cysteamine Bitartrate Delayed-release (RP103) Compared to Cystagon® in Patients With Cystinosis
BLA761112,False,0,0,UNKNOWN,,,
NDA213491,True,3,43,PHASE3,The Steady-state White Blood Cell Cystine Levels of RP103 Compared to Cystagon®,NCT01000961,Phase 3 Study of Cysteamine Bitartrate Delayed-release (RP103) Compared to Cystagon® in Patients With Cystinosis
NDA210308,True,2,53,PHASE2,Testosterone Levels,NCT02737332,A Study to Evaluate Serum Testosterone Levels in Patients With Metastatic Castration-Resistant Prostate Cancer
NDA206334,True,3,1019,PHASE3,Early Clinical Response,NCT01252732,Oritavancin Versus IV Vancomycin for the Treatment of Patients With Acute Bacterial Skin and Skin Structure Infection
NDA212379,True,4,51,PHASE4,Periodontal Probing Depth,NCT05530252,Effects of AMP Application After Non-surgical Periodontal Therapy on Treatment of Periodontitis
NDA211349,False,0,0,UNKNOWN,,,
BLA761108,False,0,0,UNKNOWN,,,
BLA761103,True,2,66,PHASE2,Number of Participants Who Achieved a Complete Response,NCT01145495,"Lenalidomide and Rituximab in Treating Patients With Previously Untreated Stage II, Stage III, or Stage IV Follicular Non-Hodgkin Lymphoma"
NDA215133,True,4,40,PHASE4,Liebowitz Social Anxiety Scale (LSAS),NCT01224067,Adjunctive Quetiapine in the Treatment of Refractory Social Anxiety Disorder in Adults
NDA211340,True,0,22213,UNKNOWN,All-Cause-Hospitalization or All-Cause Mortality,NCT04467931,ACEI or ARB and COVID-19 Severity and Mortality in US Veterans
NDA213895,True,4,1294,PHASE4,The Incidence of CDI in Inpatients Receiving Vancomycin Prophylaxis vs. Placebo Who Are on High-risk Antibiotics and Are Colonized With Toxigenic C. Difficile.,NCT02996487,Screening to Prophylax Against Clostridium Difficile Infection -
BLA761109,True,4,150,PHASE4,Percentage of Participants with at least 1 Episode of Hypoglycemia,NCT06370715,A Study of LY900014 in Adult Participants With Type 2 Diabetes Mellitus in India
NDA022028,True,3,50,PHASE3,17-hydroxyprogesterone Response to ACTH,NCT01062568,The Adrenal Contribution to Androgen Production in Girls During Puberty
NDA213536,True,4,24,PHASE4,"Mean change in Total Nasal Symptom Score (sneezing, nasal discharge, nasal congestion, and itchy nose",NCT02175485,Evaluation of Efficacy of Dellegra in Exposure Unit
NDA215110,True,3,100,PHASE3,Percentage of Participants With Sustained Virologic Response 12 Weeks Post-treatment (SVR12),NCT03219216,A Study to Evaluate the Efficacy and Safety of Glecaprevir (GLE)/Pibrentasvir (PIB) in Treatment-Naive Adults in Brazil With Chronic Hepatitis C Virus (HCV) Genotype 1 - 6 Infection
NDA020776,True,1,12,PHASE1,Pharmacokinetics (Cmax: Maximum plasma concentration),NCT03350386,Drug-drug Interaction Study of FYU-981 and Oxaprozin
NDA019201,True,3,94,PHASE3,Pain score using visual analog scale(VAS) of each topical NSAIDs pre-treated eyes.,NCT01761071,Time Serial Analysis on Preemptive Analgesia of Preoperative Topical Diclofenac and Ketorolac in Photorefractive Keratectomy(PRK)
BLA761105,True,4,24,PHASE4,Determination of regulatory immune cell changes induced by risankizumab,NCT04630652,Risankizumab Long-term Remission Study
BLA761115,True,4,25,PHASE4,Percentage of Participants Experiencing Any Adverse Events,NCT04319198,Rollover Study in Participants With Metastatic Solid Tumors Benefiting From Therapy With Sacituzumab Govitecan-hziy
NDA021667,True,4,15,PHASE4,Gastric emptying time following supplementation of a standardised carbohydrate drink with glutamine.,NCT00943020,Effects of Glutamine on Gastric Emptying
NDA205525,True,0,12,UNKNOWN,,NCT00534716,Cannabis Cigarettes Used for Doping: Delta-9-Tetrahydrocannabinol (THC) Urine Detection
NDA211673,False,0,0,UNKNOWN,,,
BLA761099,True,3,1501,PHASE3,Overall Survival,NCT00324805,"Chemotherapy With or Without Bevacizumab in Treating Patients With Stage IB, Stage II, or Stage IIIA Non-small Cell Lung Cancer That Was Removed By Surgery"
NDA208944,True,4,12,PHASE4,"Changes in the Metabolite Ratios of N-acetylaspartate (NAA) to Creatine (Cr), Myo-inositol (mI) to Cr, Choline (Cho) to Cr, NAA to Cho, and NAA to mI, on Cholinesterase Monotherapy vs Combination of Memantine and Cholinesterase Inhibitor",NCT00551161,Magnetic Resonance Spectroscopy Study of Memantine in Alzheimer's Disease
NDA200738,True,4,77,PHASE4,Visual Analog Scale Pain Score,NCT07090044,"Comparing Post-intravitreal Injection Pain Scores Using Loteprednol, Bromfenac Sodium, and Artificial Tears Over a 24-hour Period"
NDA214701,True,2,252,PHASE2,Confirmed Objective Response Rate (ORR) Assessed by Investigator According to Response Evaluation Criteria in Solid Tumors Version 1.1 (RECIST v1.1) or Response Assessment in Neuro-Oncology (RANO) Criteria for Primary Central Nervous System (CNS) Tumors,NCT04632992,A Study Evaluating Targeted Therapies in Participants Who Have Advanced Solid Tumors With Genomic Alterations or Protein Expression Patterns Predictive of Response
NDA208587,True,4,15,PHASE4,Gastric emptying time following supplementation of a standardised carbohydrate drink with glutamine.,NCT00943020,Effects of Glutamine on Gastric Emptying
NDA206679,True,3,1902,PHASE3,Plasma LDL-C averaged across all doses after 6 weeks,NCT00092690,MK0653A (Ezetimibe (+) Simvastatin) Compared to an Approved Drug (Atorvastatin) for the Treatment of High Cholesterol (0653A-051)(COMPLETED)
BLA761104,False,0,0,UNKNOWN,,,
BLA761102,True,3,166,PHASE3,Pharmacokinetics (PK) (Half-life of SC-PEG E. Coli L-asparaginase (EZN-2285) Compared to Pegaspargase During Induction and Consolidation Therapy),NCT00671034,Calaspargase Pegol or Pegaspargase and Combination Chemotherapy in Treating Younger Patients With Newly Diagnosed High-Risk Acute Lymphoblastic Leukemia
BLA761111,True,3,78,PHASE3,Five Year Event-free Survival (EFS),NCT00304070,Cisplatin-Based Chemotherapy and/or Surgery in Treating Young Patients With Adrenocortical Tumor
NDA209310,True,3,28,PHASE3,% of sputum eosinophils,NCT04259164,Anti-inflammatory Effects Glycopyrronium
NDA210656,True,1,50,PHASE1,Number of Participants With a Response,NCT03390296,"OX40, Venetoclax, Avelumab, Glasdegib, Gemtuzumab Ozogamicin, and Azacitidine in Relapsed or Refractory Acute Myeloid Leukemia"
NDA206256,True,1,41,PHASE1,Recommended phase II doses for the combination of bortezomib and belinostat,NCT01075425,Belinostat and Bortezomib in Treating Patients With Relapsed or Refractory Acute Leukemia or Myelodysplastic Syndrome
NDA200732,True,3,538,PHASE3,,NCT00001011,The Safety and Effectiveness of Zidovudine in the Treatment of Patients With Early AIDS Related Complex
BLA125117,True,4,4,PHASE4,Change in Height,NCT00299000,A Phase 4 Two Dose Level Study of Naglazyme(TM) (Galsulfase) in Infants With MPS VI
NDA022038,True,4,42,PHASE4,Change in 24 hour ambulatory blood pressure,NCT00732693,Evaluation of Physiologic and Standard Sex Steroid Replacement Regimens in Women With Premature Ovarian Failure
BLA208583,True,3,435,PHASE3,Change in Glycosylated Haemoglobin (HbA1c),NCT01059799,Comparison of NN1250 Versus Insulin Glargine in Subjects With Type 2 Diabetes
NDA211672,False,0,0,UNKNOWN,,,
NDA212726,True,2,252,PHASE2,Confirmed Objective Response Rate (ORR) Assessed by Investigator According to Response Evaluation Criteria in Solid Tumors Version 1.1 (RECIST v1.1) or Response Assessment in Neuro-Oncology (RANO) Criteria for Primary Central Nervous System (CNS) Tumors,NCT04632992,A Study Evaluating Targeted Therapies in Participants Who Have Advanced Solid Tumors With Genomic Alterations or Protein Expression Patterns Predictive of Response
NDA022044,True,4,76,PHASE4,Cardiac global longitudinal strain (GLS),NCT03871621,Left Ventricular Functional Changes of Uncontrolled Diabetes by Dapagliflozin Treatment Trial
NDA211996,True,1,22,PHASE1,Pharmacokinetics(PK) Parameter - Area Under the Concentration-time Curve to Infinity (AUCinf) of PF-06291826,NCT05498701,A Study Comparing Two Forms of Tafamidis Without Food and the Amount of Tafamidis in the Blood With Food
NDA210660,True,4,230,PHASE4,Visibility at upper endoscopy,NCT01653171,Premedication With Simethicone or Simethicone Plus N-acetylcysteine in Improving Visibility During Upper Endoscopy
NDA212020,True,4,68,PHASE4,Blood Loss,NCT07013812,Tranexamic Acid to Reduce Blood Loss in Women Having Planned Cesarean Section
NDA209296,True,2,75,PHASE2,Progression Free Survival,NCT01523457,Study of Modified FOLFIRINOX in Advanced Pancreatic Cancer
NDA208945,True,3,412,PHASE3,Clinical Success,NCT02090764,Efficacy and Safety of Ozenoxacin 1% Cream Versus Placebo in the Treatment of Patients With Impetigo
NDA020121,True,4,54,PHASE4,Area under the curve (AUC) of the plasma concentrations of the steroid components 0 - 10 hours after study drug inhalation in patients with COPD and healthy volunteers,NCT00379028,Airway Clearance Study
NDA018225,True,1,14,PHASE1,Optimal dose finding,NCT01434225,NEMO1:NEonatal Seizure Using Medication Off-patent
NDA208627,True,4,34,PHASE4,AUC0-t,NCT04392739,"Safety, Tolerability and PK of TPOXX in Adults Weighing More Than 120 KG"
BLA125084,True,2,106,PHASE2,Progression-free Survival,NCT02164916,S1406 Phase II Study of Irinotecan and Cetuximab With or Without Vemurafenib in BRAF Mutant Metastatic Colorectal Cancer
NDA208255,True,3,120,PHASE3,Percentage of patients with viral load below 50 copies/mL,NCT00573001,Evaluation of 4 New Simplified Antiretroviral Treatments in Naive HIV-1 Infected Patients in Africa (ANRS 12115 DAYANA)
NDA022426,True,1,24,PHASE1,AUClast (Area under the plasma concentration-time curve),NCT05364164,A Food Effect Study of CT-L01 After Oral Administration in Healthy Volunteers
NDA208254,False,0,0,UNKNOWN,,,
NDA209305,True,3,106,PHASE3,Complete wound healing,NCT04450693,"Cryopreserved Human Umbilical Cord (TTAX01) for Late Stage, Complex Non-healing Diabetic Foot Ulcers (AMBULATE DFU II)"
NDA208582,True,1,10,PHASE1,hemodynamic changes with standing,NCT00748059,The Pathophysiology of Orthostatic Hypotension
NDA209347,True,4,59,PHASE4,Change in Sperm Density From Baseline to the End of Treatment (EOT),NCT01663740,A Study on Spermatogenesis in Male Renal Transplant Recipients Receiving Valganciclovir (Valcyte®) Versus Untreated Matched Controls
NDA208624,False,0,0,UNKNOWN,,,
NDA208215,True,3,269,PHASE3,number (%) of patients with fully suppressed HIV RNA < 50 cps/ml at week 48,NCT02486133,Dual Therapy With Boosted Darunavir + Dolutegravir
NDA021367,True,4,42,PHASE4,Change in 24 hour ambulatory blood pressure,NCT00732693,Evaluation of Physiologic and Standard Sex Steroid Replacement Regimens in Women With Premature Ovarian Failure
NDA205060,True,3,18,PHASE3,Percent Change From Baseline in Low-Density Lipoprotein Cholesterol (LDL-C) at Week 12: Intent-to-Treat (ITT) Analysis,NCT03510715,An Efficacy and Safety Study of Alirocumab in Children and Adolescents With Homozygous Familial Hypercholesterolemia
NDA022428,True,1,52,PHASE1,Change From Baseline in QT/QTc Intervals,NCT03494907,A Study to Evaluate the Effects of Single-dose Seltorexant on Electrocardiogram Intervals in Healthy Adult Participants
NDA208943,True,4,80,PHASE4,Cerebral oxygen saturation (SctO2),NCT01794273,Compared Efficacy and Tolerance of Two Vasopressors Used to Treat Preoperative Hypotension During Carotid Surgery
NDA209989,True,4,59,PHASE4,Pain Scores,NCT06630364,Comparing Ketamine and Fentanyl in Pediatric Tonsillectomy: Pain Control and Emergence Delirium Outcomes (KVFPT)
NDA201517,True,4,70,PHASE4,Postoperative opioid consumption,NCT03650998,Transmuscular Quadratus Lumborum Block for Total Laparoscopic Hysterectomy.
NDA208984,True,4,19,PHASE4,Change in Neurocognitive Functioning,NCT01449006,A Study of the Neurological Effects of Adding Maraviroc to HAART Regimen in Patients With HIV (HANDmac)
NDA202107,True,4,536,PHASE4,Acceptability: Satisfaction With Mail-Order Dispensing of Medication Abortion,NCT03913104,Mail Order Mifepristone Study
BLA020986,True,2,18,PHASE2,To evaluate the effect on postprandial glycemic control of intranasal insulin compared to NovoLog,NCT00624767,A Study to Evaluate the Effect of Nasal Insulin on Postprandial Glycemic Control in Type 2 Diabetic Patients
NDA203952,True,2,131,PHASE2,Cocaine Treatment Outcome,NCT02080819,Striatal Effective Connectivity to Predict Treatment Response in Cocaine Misuse
NDA202833,True,3,203,PHASE3,Proportion of Patients With Complete Clearance of Actinic Keratoses (AK) Lesions,NCT00942604,A Multicenter Study to Evaluate the Efficacy and Safety of PEP005 (Ingenol Mebutate) Gel When Used to Treat Actinic Keratoses (AKs) on the Non Head Locations
NDA205065,True,2,41,PHASE2,Clinical Global Impressions Scale,NCT00943579,Open-Label Extension Study of Kuvan for Autism
NDA021314,True,2,860,PHASE2,Urogenital CT Infection,NCT03107377,Phase 2B/3 Double-blinded Placebo-controlled
NDA022485,True,4,808,PHASE4,Proportion of mRS (0-1）,NCT03740958,Argatroban Plus R-tPA for Acute Ischemic Stroke
NDA022430,True,4,68,PHASE4,Blood Loss,NCT07013812,Tranexamic Acid to Reduce Blood Loss in Women Having Planned Cesarean Section
NDA020746,True,4,54,PHASE4,Area under the curve (AUC) of the plasma concentrations of the steroid components 0 - 10 hours after study drug inhalation in patients with COPD and healthy volunteers,NCT00379028,Airway Clearance Study
BLA125422,True,4,628,PHASE4,"Proportion of Subjects With Nonsurgical Resolution of Focal Vitreomacular Traction (VMT/VMA) at Day 28, as Determined by Central Reading Center (CRC) Spectral Domain Optical Coherence Tomography (SD-OCT) Evaluation",NCT02035748,Assessment of Patients Treated With JETREA® for Vitreomacular Traction
BLA125409,True,2,51,PHASE2,Change From Baseline in Mean Duration of the QTc Interval,NCT00943670,Corrected QT Interval Effects of Trastuzumab Emtansine (T-DM1) in Patients With Human Epidermal Growth Factor Receptor 2 (HER2)-Positive Locally Advanced or Metastatic Breast Cancer and the Safety and Tolerability of Combined T-DM1 and Pertuzumab in Patients With Early Disease Progression
NDA202123,True,3,269,PHASE3,number (%) of patients with fully suppressed HIV RNA < 50 cps/ml at week 48,NCT02486133,Dual Therapy With Boosted Darunavir + Dolutegravir
NDA202813,True,4,34,PHASE4,High resolution Cat Scans,NCT00250341,Non-invasive Measures of Distal Lung Disease in Asthmatics
NDA021323,True,4,95,PHASE4,Ham-D-17,NCT00157547,Quantitative EEG (QEEG) as a Predictor of Treatment Outcome in Depression
NDA022421,True,3,150,PHASE3,Change from baseline in the sum of the UPDRS (Unified Parkinson Disease Rating Scale) Parts II and III total scores.,NCT02177357,Pramipexole in Untreated and Levodopa-treated Parkinson's Disease Patients
NDA205934,True,2,60,PHASE2,,NCT00051571,Safety/Efficacy Study of Immunoconjugate With Docetaxel in Non-small Cell Lung Carcinoma
NDA021330,True,3,243,PHASE3,Number of Participants Who Have Not Used Tobacco in the Past 30 Days,NCT01287377,Smoking Cessation With the Nicotine Patch: A Pilot Study of Patch Messaging
NDA207070,True,4,50,PHASE4,Reduction of dyspnea score during the 3-min constant rate shuttle walk test,NCT02567214,Ultibro® Versus Spiriva® Alone to Reduce Exertional Dyspnea in Patients With Moderate to Severe COPD
NDA207071,True,2,40,PHASE2,Severity Score of lesion,NCT01180543,Acne Treatment With Active Oplon's Patches
NDA022083,True,4,12,PHASE4,"Changes in the Metabolite Ratios of N-acetylaspartate (NAA) to Creatine (Cr), Myo-inositol (mI) to Cr, Choline (Cho) to Cr, NAA to Cho, and NAA to mI, on Cholinesterase Monotherapy vs Combination of Memantine and Cholinesterase Inhibitor",NCT00551161,Magnetic Resonance Spectroscopy Study of Memantine in Alzheimer's Disease
BLA021665,True,2,22,PHASE2,Number of Participants With Positive Reaction Scores Based Upon ICDRG Scoring Scale: Regimen 1,NCT00928447,Study of the Intradermal Injection of rHuPH20 or Placebo in Participants With Nickel Allergic Contact Dermatitis
NDA205122,True,4,78,PHASE4,Tinnitus Functional Index (TFI),NCT04404439,Treatment of Tinnitus With Migraine Medications
NDA022424,True,4,600,PHASE4,The objective of the study is to evaluate the safety and efficacy of Mucinex D tablets in providing symptom relief when administered as an adjunct to antibiotic therapy in patients with acute respiratory infection.,NCT00441246,Phase 4 Study - Mucinex D as Adjunct Therapy
NDA006530,True,2,0,PHASE2,,NCT00005864,Chloroquinoxaline Sulfonamide in Treating Patients With Stage IV Colorectal Cancer
NDA021332,True,3,30,PHASE3,Area under the curve for glucose,NCT00206258,The Role of Amylin and Glucagon in T1DM
NDA204708,True,4,137,PHASE4,Change From Baseline in Mean Diurnal Intraocular Pressure (IOP),NCT01525173,A Safety and Efficacy Study of ALPHAGAN® P and LUMIGAN® in Subjects Previously Treated With Latanoprost for Glaucoma and Ocular Hypertension
NDA203567,True,4,19,PHASE4,Number of Participants With Elimination of Dermatophytomas That Occur in Distal Lateral Subungual Onychomycosis (DLSO),NCT03098615,Study Evaluating the Effect of Jublia on Dermatophytomas
NDA206276,True,4,102,PHASE4,Product Preference Questionnaire for Immediate Taste,NCT00772304,Evaluation of the Sensory Attributes of Olopatadine 0.6% and Azelastine 137mcg Nasal Sprays in Patients w/Allergic Rhinitis
