application_number,sponsor_name,brand_name,generic_name,approval_date,decision,is_priority_review
BLA761106,GENENTECH INC,HERCEPTIN HYLECTA,TRASTUZUMAB AND HYALURONIDASE-OYSK,2026-05-18,AP,False
NDA219878,ASTRAZENECA PHARMS,BAXFENDY,BAXDROSTAT,2026-05-15,AP,True
NDA215192,AKEBIA,VAFSEO,VADADUSTAT,2026-04-01,AP,False
NDA219164,ASCENDIS,YUVIWEL,NAVEPEGRITIDE,2026-02-27,AP,True
NDA219873,ETON,DESMODA,DESMOPRESSIN ACETATE,2026-02-25,AP,False
NDA213535,GENENTECH INC,EVRYSDI,RISDIPLAM,2026-02-10,AP,False
NDA017854,ANI PHARMS,REGLAN,METOCLOPRAMIDE HYDROCHLORIDE,2026-02-09,AP,False
NDA218171,XCOVERY,ENSACOVE,ENSARTINIB HYDROCHLORIDE,2026-01-08,AP,False
BLA761152,OMEROS CORP,YARTEMLEA,NARSOPLIMAB-WUUG,2025-12-23,AP,True
NDA219884,ACADIA PHARMS INC,DAYBUE STIX,TROFINETIDE,2025-12-11,AP,False
BLA761100,SAMSUNG BIOEPIS CO LTD,ONTRUZANT,TRASTUZUMAB-DTTB,2025-12-05,AP,False
NDA218160,ELI LILLY AND CO,RETEVMO,SELPERCATINIB,2025-11-20,AP,False
NDA218637,KAMAT,RALDESY,TRAZODONE HYDROCHLORIDE,2025-11-13,AP,False
NDA219910,GLAUKOS,EPIOXA HD/EPIOXA KIT,RIBOFLAVIN 5'-PHOSPHATE SODIUM,2025-10-17,AP,False
NDA219868,AZURITY,FERABRIGHT,FERUMOXYTOL,2025-10-16,AP,False
NDA217294,SQ INNOVATION,LASIX ONYU,FUROSEMIDE,2025-10-07,AP,False
NDA019079,HARROW EYE,FLAREX,FLUOROMETHOLONE ACETATE,2025-09-23,AP,False
NDA022437,VERITY,TRELSTAR,TRIPTORELIN PAMOATE,2025-09-23,AP,False
NDA217307,THEA PHARMA,ZOLYMBUS,BIMATOPROST,2025-09-09,AP,False
NDA217700,DAY ONE BIOPHARMS,OJEMDA,TOVORAFENIB,2025-08-27,AP,False
NDA218643,THEA PHARMA,CYKLX,ARTICAINE HYDROCHLORIDE,2025-08-15,AP,False
NDA219876,CHIMERIX,MODEYSO,DORDAVIPRONE HYDROCHLORIDE,2025-08-06,AP,True
NDA019531,B BRAUN,NUTRILIPID 10%,SOYBEAN OIL,2025-07-24,AP,False
BLA761107,NOVIMMUNE S.A.,GAMIFANT,EMAPALUMAB-LZSG,2025-06-27,AP,True
NDA019127,XTTRIUM,EXIDINE,CHLORHEXIDINE GLUCONATE,2025-05-27,AP,False
NDA216873,GLAXOSMITHKLINE,OJJAARA,MOMELOTINIB DIHYDROCHLORIDE,2025-04-18,AP,False
NDA218158,HARROW EYE,BYQLOVI,CLOBETASOL PROPIONATE,2025-04-07,AP,False
NDA219208,NOVARTIS,VANRAFIA,ATRASENTAN HYDROCHLORIDE,2025-04-02,AP,False
NDA218647,PRM PHARMA,HEMICLOR,CHLORTHALIDONE,2025-03-17,AP,False
NDA203168,BAUSCH AND LOMB,PROLENSA,BROMFENAC SODIUM,2025-02-18,AP,False
NDA209299,RIGEL PHARMS,TAVALISSE,FOSTAMATINIB DISODIUM,2025-02-04,AP,False
NDA219209,VERTEX PHARMS INC,JOURNAVX,SUZETRIGINE,2025-01-30,AP,True
BLA761150,MACROGENICS INC,MARGENZA,MARGETUXIMAB-CMKB,2025-01-15,AP,False
NDA204353,JANSSEN PHARMS,INVOKAMET,CANAGLIFLOZIN,2024-12-18,AP,True
NDA202106,B BRAUN MEDICAL,MEROPENEM AND SODIUM CHLORIDE IN DUPLEX CONTAINER,MEROPENEM,2024-12-03,AP,False
NDA210661,AVYXA HOLDINGS,AXTLE,PEMETREXED DIPOTASSIUM,2024-12-02,AP,False
NDA020998,UPJOHN,CELEBREX,CELECOXIB,2024-11-21,AP,False
NDA214770,MSD MERCK CO,NOXAFIL POWDERMIX KIT,POSACONAZOLE,2024-10-25,AP,False
BLA761113,SANOFI AVENTIS US,SARCLISA,ISATUXIMAB-IRFC,2024-10-25,AP,False
NDA021366,ASTRAZENECA,CRESTOR,ROSUVASTATIN CALCIUM,2024-07-31,AP,False
NDA217779,GERON,RYTELO,IMETELSTAT SODIUM,2024-06-06,AP,False
NDA213498,VANDA PHARMS INC,PONVORY,PONESIMOD,2024-06-05,AP,False
NDA022427,ABBVIE,ACUVAIL,KETOROLAC TROMETHAMINE,2024-05-24,AP,False
NDA216482,AZURITY,MYHIBBIN,MYCOPHENOLATE MOFETIL,2024-05-01,AP,False
NDA211675,ABBVIE,RINVOQ,UPADACITINIB,2024-04-26,AP,False
NDA216483,ALEMBIC THERAP,PIVYA,PIVMECILLINAM HYDROCHLORIDE,2024-04-24,AP,True
NDA021321,VANTIVE US HLTHCARE,EXTRANEAL,ICODEXTRIN,2024-04-22,AP,False
NDA211994,VIIV HLTHCARE,DOVATO,DOLUTEGRAVIR SODIUM,2024-04-18,AP,False
NDA021316,AZURITY,ALTOPREV,LOVASTATIN,2024-03-14,AP,False
NDA202834,CATALYST PHARMS,FYCOMPA,PERAMPANEL,2023-10-26,AP,False
NDA022425,SANOFI AVENTIS US,MULTAQ,DRONEDARONE HYDROCHLORIDE,2023-10-23,AP,False
BLA761151,UCB INC,BIMZELX,BIMEKIZUMAB-BKZX,2023-10-17,AP,False
NDA215985,ARCUTIS,ZORYVE,ROFLUMILAST,2023-10-05,AP,False
NDA209637,NOVO,OZEMPIC,SEMAGLUTIDE,2023-09-22,AP,False
NDA212725,GENENTECH INC,ROZLYTREK,ENTRECTINIB,2023-08-31,AP,False
NDA217722,HARM REDUCTION THERP,RIVIVE,NALOXONE HYDROCHLORIDE,2023-07-28,AP,True
BLA125103,BIOVITRUM AB,KEPIVANCE,PALIFERMIN,2023-07-27,AP,False
NDA205879,JANSSEN PHARMS,INVOKAMET XR,CANAGLIFLOZIN,2023-07-05,AP,False
NDA210303,CIPLA USA,ZEMDRI,PLAZOMICIN SULFATE,2023-02-10,AP,False
NDA203993,LUNDBECK PHARMS LLC,ONFI,CLOBAZAM,2023-01-13,AP,False
NDA210361,JOURNEY,QBREXZA,GLYCOPYRRONIUM TOSYLATE,2022-10-28,AP,False
NDA206255,GALDERMA LABS LP,SOOLANTRA,IVERMECTIN,2022-10-14,AP,False
NDA209988,SCPHARMACEUTICALS,FUROSCIX,FUROSEMIDE,2022-10-07,AP,False
NDA206333,ABBVIE,KYBELLA,DEOXYCHOLIC ACID,2022-10-05,AP,False
BLA761149,GENENTECH,ENSPRYNG,SATRALIZUMAB,2022-09-14,AP,False
BLA125164,HOFFMAN-LA ROCHE,MIRCERA,METHOXY POLYETHYLENE GLYCOL-EPOETIN BETA,2022-08-30,AP,False
NDA213953,MARIUS,KYZATREX,TESTOSTERONE UNDECANOATE,2022-07-27,AP,False
NDA214324,UNITED THERAP,TYVASO DPI,TREPROSTINIL,2022-05-23,AP,True
NDA212018,JANSSEN BIOTECH,BALVERSA,ERDAFITINIB,2022-04-27,AP,False
NDA212728,PFIZER,NURTEC ODT,RIMEGEPANT SULFATE,2022-03-31,AP,True
NDA213478,NOBELPHARMA,HYFTOR,SIROLIMUS,2022-03-22,AP,True
NDA200740,LEADIANT BIOSCI INC,CYSTARAN,CYSTEAMINE HYDROCHLORIDE,2022-02-25,AP,True
BLA761112,ABLYNX NV,CABLIVI,CAPLACIZUMAB-YHDP,2022-02-23,AP,False
NDA213491,HORIZON,PROCYSBI,CYSTEAMINE BITARTRATE,2022-02-11,AP,True
NDA210308,SUN PHARM,YONSA,ABIRATERONE ACETATE,2022-01-28,AP,False
NDA206334,MELINTA THERAP,ORBACTIV,ORITAVANCIN DIPHOSPHATE,2022-01-14,AP,False
NDA212379,JOURNEY,AMZEEQ,MINOCYCLINE HYDROCHLORIDE,2022-01-13,AP,True
NDA211349,ASTELLAS,XOSPATA,GILTERITINIB FUMARATE,2022-01-12,AP,False
BLA761108,ALEXION PHARM,ULTOMIRIS,RAVULIZUMAB-CWVZ,2022-01-07,AP,False
BLA761103,PFIZER INC,RUXIENCE,RITUXIMAB-PVVR,2021-11-15,AP,False
NDA215133,ALMATICA,SERTRALINE HYDROCHLORIDE,SERTRALINE HYDROCHLORIDE,2021-10-04,AP,False
NDA211340,AZURITY,KATERZIA,AMLODIPINE BENZOATE,2021-09-13,AP,True
NDA213895,HIKMA,VANCOMYCIN,VANCOMYCIN,2021-08-26,AP,True
BLA761109,ELI LILLY AND CO,LYUMJEV,INSULIN LISPRO-AABC,2021-08-13,AP,False
NDA022028,SANDOZ,COSYNTROPIN,COSYNTROPIN,2021-07-16,AP,False
NDA213536,DR REDDYS LABS SA,REZIPRES,EPHEDRINE HYDROCHLORIDE,2021-06-14,AP,False
NDA215110,ABBVIE,MAVYRET,GLECAPREVIR,2021-06-10,AP,True
NDA020776,PFIZER,DAYPRO ALTA,OXAPROZIN POTASSIUM,2021-04-28,AP,False
NDA019201,NOVARTIS,VOLTAREN,DICLOFENAC SODIUM,2021-04-28,AP,False
BLA761105,ABBVIE INC,SKYRIZI,RISANKIZUMAB-RZAA,2021-04-26,AP,False
BLA761115,IMMUNOMEDICS INC,TRODELVY,SACITUZUMAB GOVITECAN-HZIY,2021-04-07,AP,True
NDA021667,EMMAUS MEDCL,NUTRESTORE,L-GLUTAMINE,2021-03-31,AP,False
NDA205525,WELLHOUSE PHARMA,SYNDROS,DRONABINOL,2021-03-22,AP,False
NDA211673,HONG KONG,XENLETA,LEFAMULIN ACETATE,2021-03-16,AP,False
BLA761099,PFIZER INC,ZIRABEV,BEVACIZUMAB-BVZR,2021-02-09,AP,False
NDA208944,SUPERNUS PHARMS,GOCOVRI,AMANTADINE HYDROCHLORIDE,2021-02-01,AP,False
NDA200738,BAUSCH AND LOMB,LOTEMAX,LOTEPREDNOL ETABONATE,2020-12-08,AP,False
NDA214701,BLUEPRINT MEDICINES,GAVRETO,PRALSETINIB,2020-12-01,AP,True
NDA208587,EMMAUS MEDCL,ENDARI,L-GLUTAMINE,2020-10-29,AP,False
NDA206679,SALERNO PHARMS,FLOLIPID,SIMVASTATIN,2020-09-25,AP,True
BLA761104,INNATE PHARMA,LUMOXITI,MOXETUMOMAB PASUDOTOX-TDFK,2020-08-20,AP,False
BLA761102,SERVIER PHARMA LLC,ASPARLAS,CALASPARGASE PEGOL-MKNL,2020-06-24,AP,False
BLA761111,HOSPIRA INC,NYVEPRIA,PEGFILGRASTIM-APGF,2020-06-10,AP,False
NDA209310,INTERSECT ENT INC,SINUVA,MOMETASONE FUROATE,2020-04-28,AP,False
NDA210656,PFIZER,DAURISMO,GLASDEGIB MALEATE,2020-03-19,AP,False
NDA206256,ACROTECH BIOPHARMA,BELEODAQ,BELINOSTAT,2020-01-08,AP,False
NDA200732,PHARMOBEDIENT,ZIDOVUDINE,ZIDOVUDINE,2019-12-27,AP,False
BLA125117,BIOMARIN,NAGLAZYME,GALSULFASE,2019-12-17,AP,False
NDA022038,VERTICAL PHARMS,DIVIGEL,ESTRADIOL,2019-12-12,AP,False
BLA208583,NOVO,XULTOPHY 100/3.6,INSULIN DEGLUDEC,2019-11-15,AP,False
NDA211672,HONG KONG,XENLETA,LEFAMULIN ACETATE,2019-08-19,AP,True
NDA212726,GENENTECH INC,ROZLYTREK,ENTRECTINIB,2019-08-15,AP,True
NDA022044,MSD SUB MERCK,JANUMET,METFORMIN HYDROCHLORIDE,2019-08-12,AP,False
NDA211996,FOLDRX PHARMS,VYNDAQEL,TAFAMIDIS MEGLUMINE,2019-05-03,AP,True
NDA210660,EXELA PHARMA,ELCYS,CYSTEINE HYDROCHLORIDE,2019-04-16,AP,True
NDA212020,EXELA PHARMA,TRANEXAMIC ACID,TRANEXAMIC ACID,2019-04-15,AP,False
NDA209296,HERON THERAPS INC,CINVANTI,APREPITANT,2019-02-26,AP,False
NDA208945,LNHC,XEPI,OZENOXACIN,2019-02-04,AP,False
NDA020121,HALEON US HOLDINGS,FLONASE,FLUTICASONE PROPIONATE,2019-01-07,AP,False
NDA018225,VALIDUS PHARMS,BUMEX,BUMETANIDE,2018-08-08,AP,False
NDA208627,SIGA TECHNOLOGIES,TPOXX,TECOVIRIMAT,2018-07-13,AP,True
BLA125084,IMCLONE,ERBITUX,CETUXIMAB,2018-06-05,AP,False
NDA208255,MYLAN,SYMFI LO,EFAVIRENZ,2018-02-05,AP,True
NDA022426,TAKEDA PHARMS USA,OSENI,ALOGLIPTIN BENZOATE,2017-12-21,AP,False
NDA208254,ALCON LABS INC,RHOPRESSA,NETARSUDIL MESYLATE,2017-12-18,AP,False
NDA208582,ALTAIRE PHARMS INC,ALTAFLUOR BENOX,BENOXINATE HYDROCHLORIDE,2017-12-14,AP,True
NDA209305,ACLARIS,ESKATA,HYDROGEN PEROXIDE,2017-12-14,AP,False
NDA209347,EXELA PHARMA,GANZYK-RTU,GANCICLOVIR,2017-12-05,AP,True
NDA208624,ABBVIE,VIEKIRA XR,DASABUVIR SODIUM,2017-11-09,AP,False
NDA208215,GILEAD SCIENCES INC,DESCOVY,EMTRICITABINE,2017-09-28,AP,True
NDA021367,MILLICENT MFG PR,FEMRING,ESTRADIOL ACETATE,2017-08-08,AP,False
NDA205060,ASTRAZENECA,EPANOVA,OMEGA-3-CARBOXYLIC ACIDS,2017-03-09,AP,False
NDA022428,HARROW EYE,MOXEZA,MOXIFLOXACIN HYDROCHLORIDE,2017-02-17,AP,False
NDA208943,PH HEALTH,CORPHEDRA,EPHEDRINE SULFATE,2017-01-27,AP,False
NDA209989,MATHESON TRI-GAS INC,"NITROUS OXIDE, USP",NITROUS OXIDE,2017-01-09,AP,True
NDA201517,CHARTWELL MOLECULAR,MORPHINE SULFATE,MORPHINE SULFATE,2016-12-16,AP,False
NDA208984,VIIV HLTHCARE,SELZENTRY,MARAVIROC,2016-11-04,AP,True
NDA202107,CORCEPT THERAP,KORLYM,MIFEPRISTONE,2016-10-25,AP,False
BLA020986,NOVO NORDISK INC,NOVOLOG PENFILL,INSULIN ASPART RECOMBINANT,2016-10-07,AP,False
NDA203952,ABBVIE,DUOPA,CARBIDOPA,2016-09-15,AP,False
NDA202833,LEO LABS,PICATO,INGENOL MEBUTATE,2016-09-13,AP,False
NDA205065,BIOMARIN PHARM,KUVAN,SAPROPTERIN DIHYDROCHLORIDE,2016-08-09,AP,False
NDA021314,MERIDIAN BIOSCIENCE,IDKIT:HP,CITRIC ACID,2016-07-25,AP,False
NDA022485,PLANO PHARMS,ARGATROBAN IN SODIUM CHLORIDE,ARGATROBAN,2016-05-26,AP,False
NDA022430,AMRING PHARMS,LYSTEDA,TRANEXAMIC ACID,2016-05-23,AP,True
NDA020746,KENVUE BRANDS,RHINOCORT ALLERGY,BUDESONIDE,2016-04-22,AP,False
BLA125422,"THROMBOGENICS, INC",JETREA,OCRIPLASMIN,2016-03-27,AP,False
BLA125409,GENENTECH,PERJETA,PERTUZUMAB,2016-03-22,AP,False
NDA202123,GILEAD SCIENCES INC,COMPLERA,EMTRICITABINE,2016-03-09,AP,True
NDA202813,TEVA BRANDED PHARM,QNASL,BECLOMETHASONE DIPROPIONATE,2016-02-29,AP,False
NDA021323,ABBVIE,LEXAPRO,ESCITALOPRAM OXALATE,2016-01-28,AP,False
NDA022421,BOEHRINGER INGELHEIM,MIRAPEX ER,PRAMIPEXOLE DIHYDROCHLORIDE,2016-01-14,AP,False
NDA205934,SHILPA,DOCETAXEL,DOCETAXEL,2015-12-22,AP,False
NDA021330,HALEON US HOLDINGS,NICORETTE,NICOTINE POLACRILEX,2015-09-30,AP,False
NDA207070,BOEHRINGER INGELHEIM,SPIRIVA RESPIMAT,TIOTROPIUM BROMIDE,2015-09-15,AP,False
NDA207071,LEO PHARMA AS,FINACEA,AZELAIC ACID,2015-07-29,AP,False
NDA022083,SANDOZ,EXELON,RIVASTIGMINE,2015-06-24,AP,False
BLA021665,AMPHASTAR PHARM,AMPHADASE,HYALURONIDASE,2015-06-19,AP,True
NDA205122,UPSHER SMITH LABS,QUDEXY XR,TOPIRAMATE,2015-06-16,AP,False
NDA022424,CHARTWELL RX,FLOWTUSS,GUAIFENESIN,2015-05-14,AP,False
NDA006530,PHARMOBEDIENT,AVC,SULFANILAMIDE,2015-04-24,AP,False
NDA021332,ASTRAZENECA AB,SYMLIN,PRAMLINTIDE ACETATE,2015-03-20,AP,False
NDA204708,GALDERMA LABS LP,MIRVASO,BRIMONIDINE TARTRATE,2015-03-03,AP,False
NDA203567,BAUSCH,JUBLIA,EFINACONAZOLE,2015-02-27,AP,False
NDA206276,ALCON LABS INC,PATADAY ONCE DAILY RELIEF,OLOPATADINE HYDROCHLORIDE,2015-01-30,AP,True
NDA020980,KARO HLTHCARE,LAMISIL,TERBINAFINE HYDROCHLORIDE,2014-11-24,AP,False
NDA020985,EXTROVIS,CARAC,FLUOROURACIL,2014-11-20,AP,False
BLA125085,GENENTECH,AVASTIN,BEVACIZUMAB,2014-08-14,AP,True
NDA022036,CURRAX,SILENOR,DOXEPIN HYDROCHLORIDE,2014-08-08,AP,False
NDA201532,EISAI INC,HALAVEN,ERIBULIN MESYLATE,2014-08-01,AP,False
BLA125141,GENZYME,MYOZYME,ALGLUCOSIDASE ALFA,2014-05-20,AP,False
NDA207114,AMERICAN WELDING AND GAS INC,"MEDICAL AIR, USP",MEDICAL AIR,2014-05-12,AP,True
NDA203568,KASTLE THERAPS LLC,KYNAMRO,MIPOMERSEN SODIUM,2014-05-07,AP,True
NDA018866,FOUGERA PHARMS INC,BETAMETHASONE VALERATE,BETAMETHASONE VALERATE,2014-03-24,AP,False
NDA021035,UCB INC,KEPPRA,LEVETIRACETAM,2014-03-07,AP,False
BLA125156,GENENTECH,LUCENTIS,RANIBIZUMAB,2014-02-27,AP,False
BLA125104,BIOGEN IDEC,TYSABRI,NATALIZUMAB,2013-12-15,AP,False
NDA020989,COSETTE,EVOXAC,CEVIMELINE HYDROCHLORIDE,2013-11-01,AP,False
BLA125418,SANOFI AVENTIS US,ZALTRAP,ZIV-AFLIBERCEPT,2013-10-25,AP,False
NDA020164,SANOFI AVENTIS US,LOVENOX (PRESERVATIVE FREE),ENOXAPARIN SODIUM,2013-09-27,AP,True
NDA022037,TAKEDA PHARMS USA,INTUNIV,GUANFACINE HYDROCHLORIDE,2013-08-23,AP,False
NDA205889,MATHESON TRI-GAS INC,"OXYGEN, USP",OXYGEN,2013-08-02,AP,False
NDA205890,MATHESON TRI-GAS INC,"MEDICAL AIR, USP",MEDICAL AIR,2013-08-02,AP,False
NDA205891,MATHESON TRI-GAS INC,"NITROGEN, NF",NITROGEN,2013-08-02,AP,False
NDA203565,AM REGENT,INJECTAFER,FERRIC CARBOXYMALTOSE,2013-07-25,AP,False
BLA125151,SHIRE,ELAPRASE,IDURSULFASE,2013-06-24,AP,True
NDA021038,HOSPIRA,PRECEDEX,DEXMEDETOMIDINE HYDROCHLORIDE,2013-06-17,AP,True
BLA021663,FERRING,MENOPUR,MENOTROPINS (FSH,2013-06-11,AP,False
NDA065214,B BRAUN,CEFOXITIN AND DEXTROSE IN DUPLEX CONTAINER,CEFOXITIN SODIUM,2013-06-05,AP,False
NDA021319,WAYLIS THERAP,AVODART,DUTASTERIDE,2013-04-30,AP,True
NDA018467,SUN PHARM INDS INC,HEPATOLITE,TECHNETIUM TC-99M DISOFENIN KIT,2013-04-25,AP,True
NDA019813,JANSSEN PHARMS,DURAGESIC-100,FENTANYL,2013-04-15,AP,True
NDA022433,ASTRAZENECA,BRILINTA,TICAGRELOR,2013-03-29,AP,False
NDA022418,ROSEMONT,FIBRICOR,FENOFIBRIC ACID,2013-03-11,AP,False
NDA022488,UPJOHN,LYRICA,PREGABALIN,2013-02-28,AP,False
NDA022030,PFIZER,TOVIAZ,FESOTERODINE FUMARATE,2013-01-23,AP,False
BLA125166,ALEXION PHARM,SOLIRIS,ECULIZUMAB,2012-12-21,AP,False
NDA018594,TARO,TOPICORT,DESOXIMETASONE,2012-12-07,AP,False
NDA021670,DORC,VISIONBLUE,TRYPAN BLUE,2012-11-21,AP,False
NDA020774,DEXCEL PHARMA,PERIOCHIP,CHLORHEXIDINE GLUCONATE,2012-11-08,AP,False
NDA203585,TEVA PHARMS INTL,SYNRIBO,OMACETAXINE MEPESUCCINATE,2012-10-26,AP,False
NDA202832,MEDEFIL INC,SODIUM CHLORIDE 0.9%,SODIUM CHLORIDE,2012-09-27,AP,True
NDA022046,HOSPIRA,BUPIVACAINE HYDROCHLORIDE,BUPIVACAINE HYDROCHLORIDE,2012-01-30,AP,True
BLA125399,SEATTLE GENETICS,ADCETRIS,BRENTUXIMAB VEDOTIN,2011-08-19,AP,False
BLA125118,BRISTOL MYERS SQUIBB,ORENCIA,ABATACEPT,2011-08-18,AP,False
NDA022434,CIPLA,ARGATROBAN IN SODIUM CHLORIDE,ARGATROBAN,2011-06-29,AP,False
NDA201525,SANDOZ,DOCETAXEL,DOCETAXEL,2011-06-29,AP,False
NDA022033,JAZZ PHARMS,LUVOX CR,FLUVOXAMINE MALEATE,2011-05-09,AP,False
NDA020457,CHEPLAPHARM,ETOPOPHOS PRESERVATIVE FREE,ETOPOSIDE PHOSPHATE,2011-03-17,AP,False
NDA022081,GILEAD,LETAIRIS,AMBRISENTAN,2011-03-03,AP,True
NDA021720,EISAI INC,ARICEPT ODT,DONEPEZIL HYDROCHLORIDE,2010-12-02,AP,False
NDA020984,ORGANON USA INC,RAPLON,RAPACURONIUM BROMIDE,2010-11-22,AP,False
NDA021664,BAUSCH AND LOMB,BROMDAY,BROMFENAC SODIUM,2010-10-16,AP,False
NDA022432,QUESTCOR PHARMA,H.P. ACTHAR GEL,REPOSITORY CORTICOTROPIN,2010-10-15,AP,False
NDA022041,BTG INTL,CYANOKIT,HYDROXOCOBALAMIN,2010-10-13,AP,False
BLA125249,"KINIKSA PHARMACEUTICALS (UK), LTD.",ARCALYST,RILONACEPT,2010-09-30,AP,False
NDA022484,SEBELA IRELAND LTD,ONMEL,ITRACONAZOLE,2010-04-29,AP,False
NDA020552,PFIZER,COVERA-HS,VERAPAMIL HYDROCHLORIDE,2010-04-13,AP,True
NDA021676,BAYER HLTHCARE,YAZ,DROSPIRENONE,2010-04-07,AP,True
BLA125276,GENENTECH,ACTEMRA,TOCILIZUMAB,2010-01-08,AP,False
